{
    "NDCG@10": 0.59776,
    "NDCG@50": 0.57086,
    "NDCG@100": 0.58174,
    "NDCG@200": 0.61507,
    "NDCG@1000": 0.67864,
    "MAP@10": 0.18589,
    "MAP@50": 0.32495,
    "MAP@100": 0.37361,
    "MAP@200": 0.40327,
    "MAP@1000": 0.42547,
    "Recall@10": 0.20922,
    "Recall@50": 0.43009,
    "Recall@100": 0.53781,
    "Recall@200": 0.63519,
    "Recall@1000": 0.79645
}