{
    "NDCG@10": 0.62113,
    "NDCG@50": 0.57034,
    "NDCG@100": 0.57622,
    "NDCG@200": 0.60419,
    "NDCG@1000": 0.69502,
    "MAP@10": 0.12805,
    "MAP@50": 0.27956,
    "MAP@100": 0.33384,
    "MAP@200": 0.38117,
    "MAP@1000": 0.42401,
    "Recall@10": 0.14384,
    "Recall@50": 0.3686,
    "Recall@100": 0.47999,
    "Recall@200": 0.59373,
    "Recall@1000": 0.81395
}